,individual,hinc,psize,ttme_air,invc_air,invt_air,gc_air,ttme_train,invc_train,invt_train,gc_train,ttme_bus,invc_bus,invt_bus,gc_bus,invc_car,invt_car,gc_car,mode_chosen
0,70.0,30.0,4.0,10.0,61.0,80.0,73.0,44.0,24.0,350.0,77.0,53.0,19.0,395.0,79.0,4.0,314.0,52.0,1.0
1,8.0,15.0,4.0,64.0,48.0,154.0,71.0,55.0,25.0,360.0,80.0,53.0,14.0,462.0,84.0,4.0,351.0,57.0,2.0
2,62.0,35.0,2.0,64.0,58.0,74.0,69.0,30.0,21.0,295.0,66.0,53.0,24.0,389.0,83.0,7.0,315.0,55.0,2.0
3,61.0,40.0,3.0,45.0,75.0,75.0,96.0,44.0,33.0,418.0,96.0,53.0,28.0,463.0,98.0,5.0,291.0,49.0,1.0
4,27.0,70.0,1.0,20.0,106.0,190.0,127.0,34.0,72.0,659.0,143.0,35.0,33.0,653.0,104.0,44.0,592.0,108.0,1.0
5,52.0,8.0,2.0,45.0,105.0,115.0,122.0,44.0,35.0,622.0,130.0,53.0,31.0,616.0,125.0,12.0,577.0,100.0,1.0
6,65.0,45.0,4.0,64.0,65.0,154.0,89.0,44.0,53.0,621.0,147.0,53.0,32.0,615.0,125.0,9.0,535.0,90.0,4.0
7,9.0,60.0,1.0,60.0,81.0,70.0,89.0,34.0,32.0,341.0,69.0,35.0,26.0,386.0,68.0,13.0,307.0,46.0,1.0
8,73.0,10.0,2.0,64.0,62.0,235.0,98.0,45.0,45.0,465.0,116.0,53.0,17.0,623.0,111.0,13.0,559.0,98.0,2.0
9,15.0,70.0,3.0,64.0,92.0,203.0,123.0,44.0,77.0,961.0,223.0,53.0,46.0,951.0,190.0,17.0,780.0,135.0,4.0
10,62.0,60.0,1.0,30.0,93.0,175.0,112.0,34.0,96.0,1030.0,208.0,35.0,51.0,1020.0,162.0,54.0,967.0,159.0,1.0
11,3.0,60.0,2.0,90.0,64.0,155.0,88.0,44.0,74.0,678.0,177.0,53.0,35.0,672.0,137.0,20.0,629.0,115.0,1.0
12,3.0,40.0,1.0,69.0,115.0,125.0,129.0,34.0,98.0,892.0,195.0,35.0,53.0,882.0,149.0,23.0,720.0,101.0,4.0
13,57.0,70.0,4.0,64.0,44.0,100.0,59.0,44.0,25.0,351.0,78.0,53.0,20.0,361.0,75.0,5.0,180.0,32.0,4.0
14,52.0,36.0,1.0,90.0,151.0,95.0,161.0,34.0,96.0,895.0,193.0,35.0,51.0,885.0,147.0,35.0,844.0,127.0,1.0
15,59.0,45.0,3.0,64.0,86.0,167.0,112.0,44.0,75.0,972.0,222.0,53.0,44.0,962.0,190.0,13.0,870.0,145.0,2.0
16,29.0,32.0,1.0,69.0,111.0,276.0,141.0,34.0,93.0,1047.0,207.0,30.0,35.0,860.0,128.0,42.0,1008.0,151.0,4.0
17,58.0,72.0,2.0,64.0,58.0,93.0,72.0,10.0,28.0,305.0,75.0,53.0,25.0,346.0,78.0,9.0,316.0,57.0,2.0
18,67.0,40.0,1.0,45.0,126.0,135.0,141.0,34.0,70.0,596.0,135.0,35.0,31.0,590.0,95.0,32.0,577.0,95.0,4.0
19,69.0,60.0,2.0,90.0,64.0,155.0,88.0,44.0,74.0,678.0,177.0,53.0,35.0,672.0,137.0,20.0,629.0,115.0,1.0
20,11.0,35.0,3.0,64.0,94.0,163.0,119.0,25.0,68.0,755.0,183.0,53.0,47.0,895.0,183.0,16.0,879.0,149.0,4.0
21,28.0,12.0,1.0,69.0,121.0,152.0,137.0,34.0,52.0,889.0,149.0,35.0,50.0,879.0,146.0,50.0,780.0,135.0,4.0
22,27.0,40.0,2.0,60.0,70.0,95.0,93.0,44.0,31.0,360.0,85.0,53.0,25.0,405.0,86.0,7.0,335.0,58.0,1.0
23,23.0,8.0,1.0,64.0,103.0,145.0,125.0,50.0,73.0,840.0,200.0,53.0,43.0,892.0,178.0,50.0,894.0,186.0,2.0
24,8.0,20.0,1.0,69.0,108.0,163.0,125.0,34.0,89.0,905.0,187.0,30.0,43.0,785.0,128.0,35.0,879.0,130.0,3.0
25,51.0,12.0,1.0,69.0,110.0,249.0,137.0,45.0,22.0,890.0,119.0,35.0,47.0,955.0,151.0,38.0,990.0,146.0,2.0
26,28.0,60.0,2.0,64.0,60.0,144.0,82.0,44.0,32.0,404.0,93.0,53.0,26.0,449.0,94.0,8.0,270.0,49.0,4.0
27,34.0,60.0,2.0,64.0,60.0,144.0,82.0,44.0,32.0,404.0,93.0,53.0,26.0,449.0,94.0,8.0,270.0,49.0,4.0
28,67.0,60.0,3.0,64.0,92.0,161.0,117.0,40.0,73.0,792.0,193.0,53.0,46.0,920.0,186.0,16.0,887.0,151.0,4.0
29,68.0,4.0,1.0,69.0,59.0,114.0,72.0,34.0,16.0,378.0,57.0,5.0,14.0,370.0,54.0,17.0,335.0,53.0,3.0
30,53.0,30.0,2.0,64.0,58.0,68.0,68.0,44.0,31.0,354.0,84.0,53.0,25.0,399.0,85.0,11.0,255.0,50.0,4.0
31,20.0,45.0,2.0,64.0,60.0,144.0,82.0,44.0,32.0,404.0,93.0,53.0,26.0,449.0,94.0,8.0,600.0,99.0,4.0
32,46.0,26.0,1.0,75.0,125.0,110.0,137.0,34.0,70.0,596.0,135.0,35.0,31.0,590.0,95.0,24.0,577.0,87.0,1.0
33,9.0,35.0,3.0,64.0,85.0,101.0,101.0,44.0,73.0,870.0,205.0,53.0,42.0,860.0,173.0,12.0,600.0,103.0,4.0
34,36.0,50.0,1.0,30.0,145.0,90.0,158.0,44.0,31.0,343.0,83.0,53.0,25.0,388.0,84.0,13.0,296.0,58.0,1.0
35,10.0,15.0,2.0,64.0,58.0,93.0,72.0,10.0,30.0,315.0,78.0,53.0,13.0,346.0,65.0,6.0,316.0,54.0,4.0
36,36.0,18.0,2.0,15.0,85.0,65.0,92.0,34.0,15.0,361.0,55.0,35.0,12.0,406.0,56.0,9.0,296.0,41.0,1.0
37,57.0,45.0,1.0,69.0,107.0,150.0,123.0,34.0,91.0,914.0,190.0,35.0,46.0,904.0,144.0,36.0,750.0,117.0,4.0
38,45.0,12.0,2.0,64.0,109.0,190.0,138.0,40.0,24.0,399.0,85.0,53.0,46.0,951.0,190.0,27.0,897.0,163.0,2.0
39,24.0,50.0,3.0,64.0,71.0,133.0,91.0,44.0,59.0,625.0,153.0,53.0,32.0,619.0,126.0,8.0,510.0,85.0,4.0
40,64.0,42.0,1.0,69.0,59.0,114.0,71.0,34.0,31.0,389.0,73.0,15.0,21.0,243.0,47.0,13.0,334.0,49.0,3.0
41,21.0,50.0,2.0,64.0,82.0,159.0,106.0,44.0,71.0,765.0,187.0,53.0,32.0,759.0,147.0,13.0,490.0,87.0,4.0
42,28.0,20.0,1.0,69.0,59.0,148.0,75.0,45.0,18.0,305.0,51.0,35.0,14.0,456.0,63.0,16.0,427.0,62.0,2.0
43,45.0,50.0,1.0,40.0,48.0,115.0,60.0,34.0,31.0,365.0,70.0,35.0,25.0,410.0,69.0,16.0,308.0,49.0,1.0
44,80.0,60.0,1.0,30.0,93.0,175.0,112.0,34.0,96.0,1030.0,208.0,35.0,51.0,1020.0,162.0,54.0,967.0,159.0,1.0
45,49.0,45.0,4.0,64.0,65.0,154.0,89.0,44.0,53.0,621.0,147.0,53.0,32.0,615.0,125.0,9.0,535.0,90.0,4.0
46,13.0,70.0,2.0,15.0,87.0,110.0,104.0,44.0,31.0,348.0,84.0,53.0,25.0,393.0,85.0,7.0,320.0,56.0,1.0
47,38.0,35.0,3.0,64.0,88.0,119.0,106.0,50.0,78.0,775.0,196.0,53.0,43.0,840.0,170.0,16.0,855.0,146.0,2.0
48,64.0,35.0,3.0,45.0,74.0,70.0,85.0,44.0,26.0,361.0,81.0,53.0,21.0,406.0,82.0,4.0,315.0,52.0,1.0
49,80.0,45.0,3.0,64.0,86.0,167.0,112.0,44.0,75.0,972.0,222.0,53.0,44.0,962.0,190.0,13.0,870.0,145.0,4.0
50,39.0,70.0,2.0,15.0,87.0,110.0,104.0,44.0,31.0,348.0,84.0,53.0,25.0,393.0,85.0,7.0,320.0,56.0,4.0
51,58.0,6.0,1.0,69.0,67.0,86.0,76.0,20.0,21.0,300.0,54.0,35.0,19.0,399.0,63.0,17.0,327.0,53.0,2.0
52,32.0,30.0,1.0,69.0,59.0,117.0,72.0,34.0,32.0,397.0,75.0,35.0,26.0,442.0,74.0,17.0,180.0,37.0,4.0
53,24.0,35.0,1.0,69.0,108.0,180.0,128.0,34.0,89.0,901.0,187.0,35.0,44.0,891.0,141.0,34.0,720.0,112.0,4.0
54,10.0,30.0,1.0,69.0,59.0,117.0,72.0,34.0,32.0,397.0,75.0,35.0,26.0,442.0,74.0,17.0,180.0,37.0,4.0
55,46.0,26.0,2.0,60.0,90.0,100.0,105.0,44.0,69.0,596.0,160.0,53.0,30.0,590.0,120.0,13.0,577.0,101.0,1.0
56,20.0,40.0,1.0,69.0,59.0,100.0,70.0,34.0,31.0,372.0,71.0,35.0,25.0,417.0,70.0,17.0,210.0,40.0,4.0
57,32.0,34.0,1.0,69.0,60.0,133.0,74.0,34.0,31.0,397.0,74.0,15.0,21.0,240.0,47.0,14.0,351.0,52.0,3.0
58,9.0,30.0,1.0,69.0,60.0,123.0,73.0,15.0,24.0,365.0,64.0,35.0,25.0,430.0,71.0,13.0,332.0,49.0,3.0
59,60.0,50.0,1.0,30.0,145.0,90.0,158.0,44.0,31.0,343.0,83.0,53.0,25.0,388.0,84.0,13.0,296.0,58.0,4.0
60,2.0,18.0,2.0,15.0,85.0,65.0,92.0,34.0,15.0,361.0,55.0,35.0,12.0,406.0,56.0,9.0,296.0,41.0,1.0
61,39.0,35.0,1.0,69.0,91.0,117.0,104.0,34.0,77.0,630.0,145.0,35.0,38.0,624.0,106.0,29.0,540.0,88.0,4.0
62,32.0,50.0,1.0,90.0,55.0,115.0,72.0,44.0,72.0,602.0,163.0,53.0,33.0,596.0,123.0,24.0,589.0,113.0,1.0
63,26.0,26.0,1.0,45.0,180.0,160.0,197.0,34.0,89.0,985.0,196.0,35.0,44.0,975.0,150.0,39.0,896.0,136.0,1.0
64,4.0,26.0,1.0,69.0,60.0,127.0,73.0,20.0,19.0,325.0,55.0,35.0,25.0,435.0,72.0,14.0,350.0,52.0,2.0
65,64.0,50.0,1.0,90.0,142.0,105.0,153.0,34.0,71.0,596.0,136.0,35.0,32.0,590.0,96.0,33.0,577.0,96.0,1.0
66,74.0,45.0,1.0,69.0,64.0,90.0,73.0,15.0,32.0,325.0,67.0,35.0,29.0,405.0,73.0,18.0,327.0,54.0,2.0
67,40.0,4.0,1.0,69.0,62.0,184.0,82.0,34.0,19.0,454.0,68.0,35.0,16.0,464.0,66.0,18.0,225.0,42.0,4.0
68,69.0,18.0,3.0,64.0,48.0,63.0,58.0,10.0,21.0,255.0,60.0,53.0,13.0,397.0,73.0,4.0,324.0,53.0,2.0
69,71.0,40.0,1.0,45.0,126.0,135.0,141.0,34.0,70.0,596.0,135.0,35.0,31.0,590.0,95.0,32.0,577.0,95.0,4.0
70,72.0,6.0,1.0,69.0,105.0,196.0,126.0,40.0,43.0,895.0,140.0,35.0,44.0,919.0,144.0,50.0,935.0,152.0,2.0
71,3.0,8.0,2.0,35.0,95.0,155.0,119.0,44.0,45.0,930.0,186.0,53.0,43.0,920.0,183.0,23.0,860.0,153.0,1.0
72,78.0,45.0,2.0,40.0,100.0,105.0,116.0,44.0,70.0,622.0,165.0,53.0,31.0,616.0,125.0,17.0,577.0,105.0,1.0
73,79.0,45.0,1.0,80.0,75.0,110.0,87.0,34.0,70.0,638.0,140.0,35.0,31.0,632.0,100.0,39.0,581.0,102.0,1.0
74,46.0,8.0,2.0,64.0,103.0,146.0,125.0,25.0,36.0,875.0,169.0,53.0,43.0,943.0,186.0,19.0,887.0,154.0,2.0
75,15.0,26.0,3.0,64.0,51.0,90.0,64.0,20.0,61.0,350.0,114.0,53.0,22.0,405.0,83.0,6.0,327.0,56.0,2.0
76,12.0,6.0,1.0,69.0,129.0,185.0,149.0,34.0,67.0,933.0,168.0,20.0,54.0,820.0,143.0,38.0,894.0,135.0,3.0
77,3.0,50.0,3.0,64.0,71.0,119.0,89.0,44.0,58.0,617.0,152.0,15.0,35.0,615.0,128.0,11.0,586.0,100.0,3.0
78,52.0,6.0,1.0,69.0,129.0,185.0,149.0,34.0,67.0,933.0,168.0,20.0,54.0,820.0,143.0,38.0,894.0,135.0,3.0
79,16.0,30.0,1.0,69.0,81.0,95.0,91.0,34.0,70.0,610.0,136.0,35.0,31.0,604.0,96.0,30.0,440.0,78.0,4.0
80,15.0,45.0,6.0,64.0,58.0,148.0,80.0,44.0,48.0,646.0,145.0,53.0,32.0,640.0,129.0,5.0,470.0,76.0,4.0
81,48.0,6.0,1.0,69.0,103.0,138.0,118.0,5.0,22.0,800.0,109.0,35.0,43.0,821.0,132.0,36.0,846.0,128.0,4.0
82,5.0,45.0,1.0,69.0,64.0,90.0,73.0,15.0,32.0,325.0,67.0,35.0,29.0,405.0,73.0,18.0,327.0,54.0,2.0
83,29.0,70.0,5.0,64.0,76.0,147.0,98.0,44.0,63.0,918.0,203.0,53.0,44.0,908.0,182.0,10.0,1440.0,228.0,4.0
84,73.0,70.0,2.0,64.0,59.0,73.0,70.0,45.0,29.0,290.0,73.0,53.0,26.0,395.0,86.0,9.0,314.0,57.0,2.0
85,20.0,70.0,4.0,64.0,66.0,140.0,87.0,44.0,54.0,670.0,156.0,53.0,33.0,664.0,134.0,12.0,540.0,94.0,4.0
86,46.0,45.0,4.0,5.0,60.0,85.0,73.0,44.0,24.0,379.0,81.0,53.0,19.0,424.0,83.0,3.0,337.0,54.0,1.0
87,18.0,26.0,1.0,69.0,81.0,139.0,96.0,34.0,71.0,698.0,147.0,35.0,32.0,692.0,107.0,33.0,600.0,98.0,4.0
88,51.0,50.0,2.0,90.0,71.0,115.0,89.0,44.0,31.0,385.0,89.0,53.0,25.0,430.0,90.0,7.0,332.0,57.0,1.0
89,54.0,26.0,1.0,69.0,59.0,88.0,68.0,34.0,30.0,361.0,70.0,15.0,21.0,295.0,53.0,13.0,299.0,45.0,3.0
90,52.0,70.0,1.0,60.0,111.0,205.0,133.0,34.0,97.0,888.0,193.0,35.0,52.0,878.0,147.0,49.0,855.0,142.0,1.0
91,66.0,30.0,1.0,69.0,60.0,123.0,73.0,15.0,24.0,365.0,64.0,35.0,25.0,430.0,71.0,13.0,332.0,49.0,4.0
92,43.0,45.0,2.0,64.0,60.0,144.0,82.0,44.0,32.0,404.0,93.0,53.0,26.0,449.0,94.0,8.0,600.0,99.0,4.0
93,29.0,15.0,2.0,64.0,58.0,68.0,68.0,44.0,16.0,357.0,70.0,53.0,13.0,402.0,73.0,4.0,210.0,36.0,4.0
94,11.0,36.0,1.0,90.0,151.0,95.0,161.0,34.0,96.0,895.0,193.0,35.0,51.0,885.0,147.0,35.0,844.0,127.0,1.0
95,71.0,50.0,4.0,64.0,45.0,114.0,63.0,44.0,24.0,378.0,81.0,53.0,19.0,423.0,83.0,5.0,240.0,41.0,4.0
96,7.0,4.0,1.0,69.0,107.0,152.0,124.0,30.0,33.0,755.0,115.0,35.0,44.0,882.0,140.0,48.0,845.0,140.0,2.0
97,19.0,12.0,4.0,64.0,84.0,215.0,117.0,99.0,37.0,885.0,171.0,53.0,46.0,966.0,193.0,10.0,921.0,150.0,2.0
98,52.0,20.0,1.0,69.0,81.0,124.0,94.0,34.0,35.0,605.0,100.0,35.0,31.0,599.0,96.0,27.0,510.0,82.0,4.0
99,26.0,60.0,1.0,45.0,94.0,270.0,123.0,34.0,91.0,916.0,190.0,35.0,46.0,906.0,144.0,49.0,872.0,144.0,1.0
100,51.0,30.0,4.0,10.0,61.0,80.0,73.0,44.0,24.0,350.0,77.0,53.0,19.0,395.0,79.0,4.0,314.0,52.0,1.0
101,1.0,12.0,4.0,64.0,84.0,215.0,117.0,99.0,37.0,885.0,171.0,53.0,46.0,966.0,193.0,10.0,921.0,150.0,4.0
102,53.0,15.0,4.0,64.0,48.0,154.0,71.0,55.0,25.0,360.0,80.0,53.0,14.0,462.0,84.0,4.0,351.0,57.0,4.0
103,2.0,32.0,1.0,69.0,104.0,178.0,123.0,34.0,89.0,992.0,197.0,15.0,38.0,675.0,111.0,39.0,900.0,137.0,3.0
104,4.0,50.0,1.0,90.0,55.0,115.0,72.0,44.0,72.0,602.0,163.0,53.0,33.0,596.0,123.0,24.0,589.0,113.0,1.0
105,15.0,35.0,1.0,69.0,60.0,117.0,73.0,10.0,23.0,325.0,58.0,35.0,25.0,425.0,71.0,17.0,307.0,50.0,2.0
106,14.0,50.0,1.0,40.0,48.0,115.0,60.0,34.0,31.0,365.0,70.0,35.0,25.0,410.0,69.0,16.0,308.0,49.0,1.0
107,23.0,18.0,2.0,45.0,85.0,140.0,106.0,44.0,39.0,664.0,139.0,53.0,35.0,658.0,135.0,19.0,592.0,109.0,1.0
108,67.0,6.0,1.0,69.0,103.0,166.0,121.0,45.0,20.0,820.0,109.0,35.0,43.0,836.0,134.0,35.0,886.0,131.0,4.0
109,13.0,70.0,2.0,5.0,64.0,80.0,76.0,44.0,30.0,348.0,83.0,53.0,24.0,393.0,84.0,7.0,291.0,51.0,1.0
110,27.0,35.0,1.0,69.0,108.0,180.0,128.0,34.0,89.0,901.0,187.0,35.0,44.0,891.0,141.0,34.0,720.0,112.0,4.0
111,63.0,4.0,1.0,69.0,62.0,66.0,70.0,10.0,31.0,295.0,63.0,35.0,19.0,397.0,62.0,17.0,307.0,50.0,2.0
112,42.0,50.0,3.0,64.0,71.0,119.0,89.0,44.0,58.0,617.0,152.0,15.0,35.0,615.0,128.0,11.0,586.0,100.0,3.0
113,22.0,60.0,1.0,30.0,93.0,175.0,112.0,34.0,96.0,1030.0,208.0,35.0,51.0,1020.0,162.0,54.0,967.0,159.0,1.0
114,2.0,12.0,1.0,69.0,121.0,152.0,137.0,34.0,52.0,889.0,149.0,35.0,50.0,879.0,146.0,50.0,780.0,135.0,4.0
115,38.0,8.0,1.0,69.0,59.0,98.0,69.0,1.0,11.0,320.0,46.0,35.0,13.0,413.0,57.0,17.0,332.0,53.0,2.0
116,75.0,18.0,3.0,64.0,48.0,63.0,58.0,10.0,21.0,255.0,60.0,53.0,13.0,397.0,73.0,4.0,324.0,53.0,2.0
117,47.0,40.0,1.0,64.0,143.0,166.0,168.0,10.0,83.0,825.0,208.0,53.0,70.0,896.0,206.0,50.0,911.0,188.0,2.0
118,30.0,35.0,1.0,69.0,61.0,73.0,69.0,34.0,33.0,350.0,71.0,50.0,26.0,227.0,51.0,14.0,314.0,48.0,3.0
119,40.0,45.0,6.0,64.0,58.0,148.0,80.0,44.0,48.0,646.0,145.0,53.0,32.0,640.0,129.0,5.0,470.0,76.0,4.0
120,54.0,50.0,3.0,64.0,94.0,231.0,129.0,44.0,79.0,949.0,223.0,40.0,32.0,1110.0,201.0,13.0,942.0,156.0,3.0
121,28.0,30.0,1.0,75.0,99.0,135.0,114.0,34.0,96.0,678.0,169.0,35.0,57.0,672.0,130.0,29.0,629.0,97.0,1.0
122,2.0,70.0,1.0,69.0,67.0,108.0,79.0,34.0,38.0,370.0,78.0,35.0,32.0,415.0,77.0,12.0,240.0,38.0,4.0
123,11.0,60.0,2.0,75.0,165.0,180.0,192.0,44.0,98.0,967.0,245.0,53.0,53.0,922.0,193.0,26.0,947.0,170.0,1.0
124,39.0,60.0,2.0,64.0,60.0,144.0,82.0,44.0,32.0,404.0,93.0,53.0,26.0,449.0,94.0,8.0,270.0,49.0,4.0
125,26.0,8.0,1.0,69.0,59.0,98.0,69.0,1.0,11.0,320.0,46.0,35.0,13.0,413.0,57.0,17.0,332.0,53.0,2.0
126,53.0,40.0,1.0,69.0,115.0,125.0,129.0,34.0,98.0,892.0,195.0,35.0,53.0,882.0,149.0,23.0,720.0,101.0,4.0
127,23.0,45.0,1.0,69.0,57.0,67.0,65.0,34.0,31.0,355.0,69.0,40.0,18.0,245.0,45.0,13.0,320.0,48.0,3.0
128,37.0,30.0,1.0,69.0,108.0,170.0,126.0,30.0,31.0,875.0,126.0,35.0,44.0,887.0,140.0,50.0,884.0,146.0,2.0
129,71.0,70.0,5.0,64.0,76.0,147.0,98.0,44.0,63.0,918.0,203.0,53.0,44.0,908.0,182.0,10.0,1440.0,228.0,4.0
130,31.0,4.0,1.0,69.0,62.0,184.0,82.0,34.0,19.0,454.0,68.0,35.0,16.0,464.0,66.0,18.0,225.0,42.0,4.0
131,47.0,60.0,1.0,45.0,94.0,270.0,123.0,34.0,91.0,916.0,190.0,35.0,46.0,906.0,144.0,49.0,872.0,144.0,3.0
132,8.0,4.0,1.0,69.0,62.0,66.0,70.0,10.0,31.0,295.0,63.0,35.0,19.0,397.0,62.0,17.0,307.0,50.0,2.0
133,31.0,4.0,1.0,69.0,59.0,114.0,72.0,34.0,16.0,378.0,57.0,5.0,14.0,370.0,54.0,17.0,335.0,53.0,4.0
134,23.0,6.0,1.0,69.0,129.0,185.0,149.0,34.0,67.0,933.0,168.0,20.0,54.0,820.0,143.0,38.0,894.0,135.0,3.0
135,49.0,26.0,1.0,69.0,59.0,94.0,69.0,34.0,30.0,361.0,70.0,35.0,24.0,406.0,68.0,10.0,270.0,39.0,4.0
136,11.0,45.0,1.0,69.0,64.0,90.0,73.0,15.0,32.0,325.0,67.0,35.0,29.0,405.0,73.0,18.0,327.0,54.0,2.0
137,42.0,30.0,1.0,75.0,99.0,135.0,114.0,34.0,96.0,678.0,169.0,35.0,57.0,672.0,130.0,29.0,629.0,97.0,1.0
138,51.0,6.0,1.0,69.0,105.0,196.0,126.0,40.0,43.0,895.0,140.0,35.0,44.0,919.0,144.0,50.0,935.0,152.0,2.0
139,65.0,45.0,1.0,40.0,66.0,105.0,77.0,34.0,31.0,372.0,71.0,35.0,25.0,417.0,70.0,18.0,327.0,54.0,1.0
140,76.0,26.0,1.0,69.0,59.0,88.0,68.0,34.0,30.0,361.0,70.0,15.0,21.0,295.0,53.0,13.0,299.0,45.0,3.0
141,14.0,6.0,1.0,69.0,67.0,86.0,76.0,20.0,21.0,300.0,54.0,35.0,19.0,399.0,63.0,17.0,327.0,53.0,2.0
142,30.0,35.0,1.0,69.0,60.0,117.0,73.0,10.0,23.0,325.0,58.0,35.0,25.0,425.0,71.0,17.0,307.0,50.0,4.0
143,47.0,20.0,1.0,69.0,58.0,99.0,68.0,34.0,16.0,366.0,55.0,35.0,13.0,411.0,57.0,13.0,300.0,46.0,4.0
144,66.0,40.0,3.0,64.0,71.0,145.0,93.0,44.0,59.0,658.0,159.0,53.0,32.0,652.0,131.0,10.0,590.0,100.0,4.0
145,59.0,40.0,1.0,64.0,143.0,166.0,168.0,10.0,83.0,825.0,208.0,53.0,70.0,896.0,206.0,50.0,911.0,188.0,2.0
146,55.0,50.0,2.0,64.0,58.0,90.0,72.0,30.0,22.0,340.0,74.0,53.0,25.0,417.0,88.0,9.0,334.0,60.0,4.0
147,34.0,6.0,1.0,69.0,129.0,185.0,149.0,34.0,67.0,933.0,168.0,20.0,54.0,820.0,143.0,38.0,894.0,135.0,3.0
148,72.0,45.0,1.0,45.0,148.0,115.0,160.0,34.0,111.0,945.0,213.0,35.0,66.0,935.0,167.0,36.0,821.0,125.0,1.0
149,43.0,29.0,1.0,30.0,94.0,195.0,115.0,34.0,89.0,943.0,191.0,35.0,44.0,933.0,145.0,58.0,912.0,157.0,1.0
150,31.0,26.0,1.0,69.0,81.0,139.0,96.0,34.0,71.0,698.0,147.0,35.0,32.0,692.0,107.0,33.0,600.0,98.0,4.0
151,59.0,26.0,2.0,64.0,108.0,139.0,129.0,44.0,90.0,862.0,220.0,30.0,36.0,780.0,154.0,18.0,875.0,151.0,3.0
152,15.0,4.0,1.0,15.0,50.0,75.0,58.0,34.0,15.0,361.0,55.0,35.0,12.0,406.0,56.0,13.0,315.0,47.0,1.0
153,66.0,50.0,4.0,64.0,45.0,114.0,63.0,44.0,24.0,378.0,81.0,53.0,19.0,423.0,83.0,5.0,240.0,41.0,4.0
154,68.0,30.0,1.0,69.0,103.0,125.0,116.0,30.0,80.0,800.0,167.0,35.0,42.0,844.0,134.0,38.0,861.0,132.0,2.0
155,78.0,40.0,1.0,64.0,143.0,166.0,168.0,10.0,83.0,825.0,208.0,53.0,70.0,896.0,206.0,50.0,911.0,188.0,2.0
156,56.0,70.0,1.0,40.0,152.0,95.0,162.0,34.0,73.0,600.0,138.0,35.0,34.0,594.0,98.0,24.0,587.0,88.0,1.0
157,75.0,40.0,1.0,69.0,81.0,124.0,94.0,34.0,69.0,605.0,135.0,35.0,30.0,599.0,95.0,30.0,720.0,108.0,4.0
158,55.0,30.0,2.0,64.0,58.0,68.0,68.0,44.0,31.0,354.0,84.0,53.0,25.0,399.0,85.0,11.0,255.0,50.0,4.0
159,77.0,30.0,2.0,60.0,108.0,80.0,120.0,44.0,32.0,344.0,84.0,53.0,26.0,389.0,85.0,7.0,315.0,55.0,1.0
160,50.0,18.0,2.0,45.0,85.0,140.0,106.0,44.0,39.0,664.0,139.0,53.0,35.0,658.0,135.0,19.0,592.0,109.0,1.0
161,62.0,70.0,3.0,64.0,49.0,68.0,59.0,44.0,26.0,354.0,79.0,53.0,21.0,399.0,81.0,5.0,180.0,32.0,4.0
162,12.0,18.0,2.0,45.0,85.0,140.0,106.0,44.0,39.0,664.0,139.0,53.0,35.0,658.0,135.0,19.0,592.0,109.0,1.0
163,65.0,12.0,1.0,69.0,110.0,249.0,137.0,45.0,22.0,890.0,119.0,35.0,47.0,955.0,151.0,38.0,990.0,146.0,2.0
164,12.0,50.0,2.0,64.0,58.0,90.0,72.0,30.0,22.0,340.0,74.0,53.0,25.0,417.0,88.0,9.0,334.0,60.0,2.0
165,17.0,70.0,1.0,20.0,106.0,190.0,127.0,34.0,72.0,659.0,143.0,35.0,33.0,653.0,104.0,44.0,592.0,108.0,1.0
166,49.0,2.0,1.0,69.0,59.0,86.0,68.0,34.0,15.0,360.0,54.0,50.0,29.0,265.0,57.0,13.0,300.0,46.0,4.0
167,47.0,30.0,2.0,60.0,108.0,80.0,120.0,44.0,32.0,344.0,84.0,53.0,26.0,389.0,85.0,7.0,315.0,55.0,1.0
168,5.0,50.0,3.0,64.0,94.0,231.0,129.0,44.0,79.0,949.0,223.0,40.0,32.0,1110.0,201.0,13.0,942.0,156.0,3.0
169,12.0,26.0,1.0,69.0,102.0,101.0,113.0,34.0,87.0,870.0,182.0,45.0,35.0,800.0,122.0,35.0,825.0,125.0,3.0
170,4.0,45.0,2.0,64.0,103.0,170.0,129.0,44.0,88.0,889.0,222.0,30.0,35.0,770.0,152.0,18.0,905.0,155.0,3.0
171,20.0,60.0,1.0,45.0,94.0,270.0,123.0,34.0,91.0,916.0,190.0,35.0,46.0,906.0,144.0,49.0,872.0,144.0,1.0
172,13.0,32.0,2.0,64.0,110.0,153.0,133.0,44.0,91.0,874.0,223.0,53.0,46.0,864.0,177.0,21.0,960.0,167.0,4.0
173,48.0,30.0,1.0,69.0,81.0,95.0,91.0,34.0,70.0,610.0,136.0,35.0,31.0,604.0,96.0,30.0,440.0,78.0,4.0
174,8.0,40.0,1.0,64.0,58.0,94.0,72.0,44.0,31.0,360.0,85.0,53.0,25.0,405.0,86.0,15.0,285.0,58.0,4.0
175,36.0,70.0,2.0,5.0,64.0,80.0,76.0,44.0,30.0,348.0,83.0,53.0,24.0,393.0,84.0,7.0,291.0,51.0,1.0
176,63.0,10.0,2.0,64.0,62.0,235.0,98.0,45.0,45.0,465.0,116.0,53.0,17.0,623.0,111.0,13.0,559.0,98.0,2.0
177,55.0,30.0,1.0,69.0,103.0,125.0,116.0,30.0,80.0,800.0,167.0,35.0,42.0,844.0,134.0,38.0,861.0,132.0,4.0
178,27.0,12.0,2.0,64.0,114.0,161.0,138.0,44.0,60.0,1031.0,217.0,53.0,58.0,1021.0,213.0,19.0,720.0,128.0,4.0
179,49.0,40.0,4.0,64.0,78.0,175.0,105.0,44.0,67.0,932.0,208.0,53.0,44.0,922.0,183.0,12.0,720.0,121.0,4.0
180,31.0,26.0,3.0,64.0,51.0,90.0,64.0,20.0,61.0,350.0,114.0,53.0,22.0,405.0,83.0,6.0,327.0,56.0,2.0
181,46.0,60.0,3.0,64.0,86.0,143.0,108.0,44.0,74.0,880.0,207.0,53.0,43.0,870.0,175.0,16.0,660.0,116.0,4.0
182,13.0,60.0,1.0,69.0,59.0,106.0,71.0,34.0,31.0,372.0,71.0,35.0,25.0,417.0,70.0,13.0,300.0,46.0,4.0
183,39.0,4.0,1.0,69.0,59.0,114.0,72.0,34.0,16.0,378.0,57.0,5.0,14.0,370.0,54.0,17.0,335.0,53.0,4.0
184,66.0,45.0,1.0,69.0,59.0,100.0,70.0,34.0,31.0,372.0,71.0,35.0,25.0,417.0,70.0,13.0,210.0,36.0,4.0
185,5.0,50.0,2.0,64.0,82.0,159.0,106.0,44.0,71.0,765.0,187.0,53.0,32.0,759.0,147.0,13.0,490.0,87.0,4.0
186,19.0,45.0,3.0,64.0,86.0,167.0,112.0,44.0,75.0,972.0,222.0,53.0,44.0,962.0,190.0,13.0,870.0,145.0,4.0
187,10.0,60.0,1.0,30.0,85.0,140.0,106.0,44.0,90.0,928.0,231.0,53.0,45.0,918.0,185.0,86.0,902.0,223.0,4.0
188,76.0,12.0,1.0,69.0,107.0,158.0,125.0,30.0,61.0,780.0,146.0,35.0,45.0,901.0,143.0,54.0,853.0,147.0,2.0
189,44.0,70.0,4.0,64.0,65.0,145.0,87.0,44.0,54.0,674.0,156.0,53.0,33.0,668.0,135.0,8.0,560.0,93.0,4.0
190,70.0,30.0,1.0,69.0,59.0,111.0,71.0,34.0,31.0,376.0,72.0,15.0,25.0,360.0,64.0,23.0,351.0,61.0,3.0
191,26.0,12.0,1.0,69.0,121.0,152.0,137.0,34.0,52.0,889.0,149.0,35.0,50.0,879.0,146.0,50.0,780.0,135.0,4.0
192,37.0,6.0,1.0,69.0,61.0,73.0,69.0,20.0,21.0,305.0,54.0,35.0,15.0,395.0,58.0,13.0,314.0,47.0,2.0
193,73.0,40.0,3.0,45.0,75.0,75.0,96.0,44.0,33.0,418.0,96.0,53.0,28.0,463.0,98.0,5.0,291.0,49.0,1.0
194,76.0,26.0,1.0,69.0,102.0,101.0,113.0,34.0,87.0,870.0,182.0,45.0,35.0,800.0,122.0,35.0,825.0,125.0,3.0
195,12.0,15.0,2.0,64.0,58.0,68.0,68.0,44.0,16.0,357.0,70.0,53.0,13.0,402.0,73.0,4.0,210.0,36.0,4.0
196,22.0,10.0,2.0,64.0,62.0,235.0,98.0,45.0,45.0,465.0,116.0,53.0,17.0,623.0,111.0,13.0,559.0,98.0,2.0
197,13.0,15.0,2.0,64.0,58.0,68.0,68.0,44.0,16.0,357.0,70.0,53.0,13.0,402.0,73.0,4.0,210.0,36.0,4.0
198,56.0,70.0,4.0,64.0,44.0,100.0,59.0,44.0,25.0,351.0,78.0,53.0,20.0,361.0,75.0,5.0,180.0,32.0,4.0
199,64.0,35.0,1.0,69.0,60.0,117.0,73.0,10.0,23.0,325.0,58.0,35.0,25.0,425.0,71.0,17.0,307.0,50.0,2.0
200,5.0,35.0,3.0,64.0,94.0,163.0,119.0,25.0,68.0,755.0,183.0,53.0,47.0,895.0,183.0,16.0,879.0,149.0,2.0
201,1.0,35.0,4.0,64.0,44.0,93.0,58.0,20.0,30.0,291.0,74.0,53.0,19.0,346.0,72.0,4.0,316.0,52.0,4.0
202,12.0,35.0,1.0,69.0,60.0,117.0,73.0,10.0,23.0,325.0,58.0,35.0,25.0,425.0,71.0,17.0,307.0,50.0,2.0
203,61.0,12.0,4.0,64.0,84.0,215.0,117.0,99.0,37.0,885.0,171.0,53.0,46.0,966.0,193.0,10.0,921.0,150.0,2.0
204,41.0,4.0,1.0,69.0,107.0,152.0,124.0,30.0,33.0,755.0,115.0,35.0,44.0,882.0,140.0,48.0,845.0,140.0,2.0
205,1.0,60.0,2.0,90.0,64.0,155.0,88.0,44.0,74.0,678.0,177.0,53.0,35.0,672.0,137.0,20.0,629.0,115.0,4.0
206,32.0,40.0,2.0,45.0,121.0,100.0,136.0,44.0,92.0,926.0,233.0,53.0,47.0,916.0,186.0,20.0,885.0,154.0,1.0
207,3.0,45.0,1.0,45.0,148.0,115.0,160.0,34.0,111.0,945.0,213.0,35.0,66.0,935.0,167.0,36.0,821.0,125.0,1.0
208,2.0,26.0,1.0,69.0,60.0,127.0,73.0,20.0,19.0,325.0,55.0,35.0,25.0,435.0,72.0,14.0,350.0,52.0,2.0
209,70.0,30.0,2.0,64.0,58.0,68.0,68.0,44.0,31.0,354.0,84.0,53.0,25.0,399.0,85.0,11.0,255.0,50.0,4.0
210,49.0,50.0,1.0,50.0,120.0,110.0,132.0,34.0,70.0,596.0,135.0,35.0,31.0,590.0,95.0,33.0,577.0,96.0,4.0
211,67.0,10.0,1.0,69.0,104.0,246.0,131.0,25.0,23.0,830.0,113.0,35.0,45.0,1068.0,161.0,41.0,978.0,147.0,4.0
212,29.0,45.0,1.0,80.0,75.0,110.0,87.0,34.0,70.0,638.0,140.0,35.0,31.0,632.0,100.0,39.0,581.0,102.0,4.0
213,68.0,60.0,1.0,45.0,94.0,270.0,123.0,34.0,91.0,916.0,190.0,35.0,46.0,906.0,144.0,49.0,872.0,144.0,3.0
214,21.0,32.0,2.0,64.0,110.0,153.0,133.0,44.0,91.0,874.0,223.0,53.0,46.0,864.0,177.0,21.0,960.0,167.0,4.0
215,56.0,12.0,1.0,69.0,58.0,124.0,71.0,10.0,30.0,340.0,67.0,35.0,25.0,427.0,71.0,14.0,364.0,54.0,2.0
216,51.0,60.0,1.0,30.0,93.0,175.0,112.0,34.0,96.0,1030.0,208.0,35.0,51.0,1020.0,162.0,54.0,967.0,159.0,1.0
217,43.0,20.0,1.0,75.0,94.0,95.0,104.0,34.0,33.0,367.0,73.0,35.0,27.0,412.0,72.0,14.0,314.0,48.0,1.0
218,74.0,12.0,1.0,69.0,121.0,152.0,137.0,34.0,52.0,889.0,149.0,35.0,50.0,879.0,146.0,50.0,780.0,135.0,4.0
219,77.0,40.0,1.0,64.0,58.0,94.0,72.0,44.0,31.0,360.0,85.0,53.0,25.0,405.0,86.0,15.0,285.0,58.0,4.0
220,68.0,70.0,1.0,30.0,116.0,180.0,136.0,34.0,71.0,657.0,142.0,35.0,32.0,651.0,102.0,29.0,629.0,97.0,1.0
221,17.0,45.0,1.0,69.0,59.0,100.0,70.0,34.0,31.0,372.0,71.0,35.0,25.0,417.0,70.0,13.0,210.0,36.0,4.0
222,58.0,20.0,2.0,25.0,75.0,100.0,90.0,44.0,15.0,348.0,68.0,53.0,12.0,393.0,72.0,7.0,290.0,51.0,1.0
223,32.0,26.0,1.0,69.0,59.0,121.0,72.0,34.0,31.0,386.0,73.0,35.0,25.0,431.0,72.0,14.0,270.0,43.0,4.0
224,27.0,26.0,1.0,75.0,125.0,110.0,137.0,34.0,70.0,596.0,135.0,35.0,31.0,590.0,95.0,24.0,577.0,87.0,1.0
225,54.0,35.0,3.0,64.0,88.0,119.0,106.0,50.0,78.0,775.0,196.0,53.0,43.0,840.0,170.0,16.0,855.0,146.0,2.0
226,19.0,60.0,3.0,64.0,92.0,161.0,117.0,40.0,73.0,792.0,193.0,53.0,46.0,920.0,186.0,16.0,887.0,151.0,2.0
227,2.0,30.0,1.0,69.0,108.0,170.0,126.0,30.0,31.0,875.0,126.0,35.0,44.0,887.0,140.0,50.0,884.0,146.0,2.0
228,33.0,40.0,3.0,45.0,75.0,75.0,96.0,44.0,33.0,418.0,96.0,53.0,28.0,463.0,98.0,5.0,291.0,49.0,1.0
229,40.0,20.0,1.0,69.0,59.0,101.0,70.0,5.0,17.0,300.0,50.0,35.0,25.0,420.0,70.0,13.0,297.0,45.0,2.0
230,41.0,15.0,2.0,64.0,58.0,93.0,72.0,10.0,30.0,315.0,78.0,53.0,13.0,346.0,65.0,6.0,316.0,54.0,4.0
231,55.0,6.0,4.0,64.0,45.0,73.0,56.0,15.0,22.0,290.0,66.0,53.0,13.0,395.0,73.0,5.0,314.0,53.0,4.0
232,45.0,50.0,1.0,90.0,55.0,115.0,72.0,44.0,72.0,602.0,163.0,53.0,33.0,596.0,123.0,24.0,589.0,113.0,1.0
233,29.0,50.0,3.0,64.0,70.0,158.0,93.0,44.0,61.0,778.0,179.0,53.0,34.0,772.0,151.0,11.0,470.0,82.0,4.0
234,60.0,6.0,1.0,69.0,105.0,196.0,126.0,40.0,43.0,895.0,140.0,35.0,44.0,919.0,144.0,50.0,935.0,152.0,4.0
235,11.0,15.0,4.0,64.0,48.0,154.0,71.0,55.0,25.0,360.0,80.0,53.0,14.0,462.0,84.0,4.0,351.0,57.0,2.0
236,1.0,30.0,4.0,10.0,61.0,80.0,73.0,44.0,24.0,350.0,77.0,53.0,19.0,395.0,79.0,4.0,314.0,52.0,4.0
237,34.0,10.0,1.0,69.0,111.0,108.0,122.0,30.0,30.0,760.0,113.0,35.0,50.0,867.0,144.0,47.0,844.0,139.0,2.0
238,25.0,45.0,2.0,64.0,60.0,144.0,82.0,44.0,32.0,404.0,93.0,53.0,26.0,449.0,94.0,8.0,600.0,99.0,4.0
239,40.0,30.0,1.0,69.0,103.0,129.0,117.0,34.0,88.0,925.0,189.0,10.0,30.0,790.0,116.0,50.0,887.0,146.0,3.0
240,38.0,50.0,1.0,90.0,55.0,115.0,72.0,44.0,72.0,602.0,163.0,53.0,33.0,596.0,123.0,24.0,589.0,113.0,1.0
241,77.0,50.0,1.0,50.0,120.0,110.0,132.0,34.0,70.0,596.0,135.0,35.0,31.0,590.0,95.0,33.0,577.0,96.0,1.0
242,42.0,8.0,2.0,45.0,105.0,115.0,122.0,44.0,35.0,622.0,130.0,53.0,31.0,616.0,125.0,12.0,577.0,100.0,1.0
243,66.0,60.0,1.0,20.0,76.0,95.0,86.0,34.0,33.0,344.0,70.0,35.0,27.0,389.0,69.0,13.0,315.0,47.0,4.0
244,55.0,35.0,2.0,30.0,58.0,90.0,72.0,44.0,32.0,506.0,109.0,53.0,26.0,551.0,110.0,8.0,402.0,69.0,4.0
245,50.0,30.0,1.0,69.0,59.0,114.0,72.0,25.0,60.0,337.0,97.0,35.0,25.0,423.0,71.0,8.0,335.0,44.0,2.0
246,47.0,30.0,1.0,69.0,117.0,147.0,133.0,40.0,59.0,790.0,145.0,35.0,48.0,885.0,144.0,38.0,883.0,134.0,2.0
247,50.0,20.0,1.0,69.0,108.0,163.0,125.0,34.0,89.0,905.0,187.0,30.0,43.0,785.0,128.0,35.0,879.0,130.0,3.0
248,55.0,45.0,1.0,69.0,57.0,67.0,65.0,34.0,31.0,355.0,69.0,40.0,18.0,245.0,45.0,13.0,320.0,48.0,4.0
249,19.0,20.0,2.0,64.0,113.0,163.0,137.0,44.0,51.0,948.0,195.0,53.0,49.0,938.0,191.0,26.0,720.0,135.0,4.0
250,74.0,35.0,4.0,64.0,44.0,93.0,58.0,20.0,30.0,291.0,74.0,53.0,19.0,346.0,72.0,4.0,316.0,52.0,2.0
251,1.0,30.0,1.0,69.0,103.0,125.0,116.0,30.0,80.0,800.0,167.0,35.0,42.0,844.0,134.0,38.0,861.0,132.0,4.0
252,22.0,45.0,2.0,64.0,107.0,153.0,131.0,44.0,89.0,880.0,222.0,53.0,44.0,870.0,176.0,2.0,660.0,102.0,4.0
253,38.0,4.0,1.0,45.0,138.0,115.0,150.0,34.0,60.0,880.0,156.0,35.0,58.0,870.0,153.0,47.0,888.0,143.0,1.0
254,30.0,72.0,2.0,64.0,58.0,93.0,72.0,10.0,28.0,305.0,75.0,53.0,25.0,346.0,78.0,9.0,316.0,57.0,2.0
255,19.0,40.0,4.0,64.0,78.0,175.0,105.0,44.0,67.0,932.0,208.0,53.0,44.0,922.0,183.0,12.0,720.0,121.0,4.0
256,57.0,35.0,1.0,69.0,108.0,177.0,127.0,34.0,92.0,907.0,191.0,45.0,39.0,850.0,131.0,52.0,865.0,146.0,3.0
257,44.0,45.0,2.0,64.0,103.0,170.0,129.0,44.0,88.0,889.0,222.0,30.0,35.0,770.0,152.0,18.0,905.0,155.0,4.0
258,19.0,50.0,2.0,64.0,58.0,90.0,72.0,30.0,22.0,340.0,74.0,53.0,25.0,417.0,88.0,9.0,334.0,60.0,2.0
259,79.0,30.0,1.0,75.0,99.0,135.0,114.0,34.0,96.0,678.0,169.0,35.0,57.0,672.0,130.0,29.0,629.0,97.0,1.0
260,31.0,45.0,2.0,64.0,103.0,170.0,129.0,44.0,88.0,889.0,222.0,30.0,35.0,770.0,152.0,18.0,905.0,155.0,2.0
261,24.0,35.0,2.0,64.0,58.0,74.0,69.0,30.0,21.0,295.0,66.0,53.0,24.0,389.0,83.0,7.0,315.0,55.0,2.0
262,35.0,18.0,3.0,64.0,48.0,63.0,58.0,10.0,21.0,255.0,60.0,53.0,13.0,397.0,73.0,4.0,324.0,53.0,2.0
263,43.0,30.0,1.0,69.0,108.0,170.0,126.0,30.0,31.0,875.0,126.0,35.0,44.0,887.0,140.0,50.0,884.0,146.0,2.0
264,1.0,50.0,4.0,64.0,45.0,114.0,63.0,44.0,24.0,378.0,81.0,53.0,19.0,423.0,83.0,5.0,240.0,41.0,4.0
265,74.0,4.0,1.0,69.0,107.0,152.0,124.0,30.0,33.0,755.0,115.0,35.0,44.0,882.0,140.0,48.0,845.0,140.0,2.0
266,42.0,26.0,1.0,69.0,59.0,88.0,68.0,34.0,30.0,361.0,70.0,15.0,21.0,295.0,53.0,13.0,299.0,45.0,3.0
267,42.0,60.0,1.0,69.0,127.0,193.0,148.0,34.0,109.0,888.0,205.0,60.0,52.0,1025.0,163.0,50.0,892.0,147.0,3.0
268,6.0,35.0,1.0,69.0,61.0,73.0,69.0,34.0,33.0,350.0,71.0,50.0,26.0,227.0,51.0,14.0,314.0,48.0,3.0
269,48.0,10.0,3.0,50.0,69.0,85.0,82.0,44.0,16.0,344.0,68.0,53.0,13.0,389.0,72.0,4.0,315.0,52.0,4.0
270,27.0,10.0,3.0,50.0,69.0,85.0,82.0,44.0,16.0,344.0,68.0,53.0,13.0,389.0,72.0,4.0,315.0,52.0,1.0
271,43.0,15.0,1.0,69.0,113.0,244.0,140.0,30.0,67.0,845.0,158.0,35.0,49.0,893.0,146.0,47.0,868.0,141.0,2.0
272,5.0,30.0,2.0,64.0,58.0,68.0,68.0,44.0,31.0,354.0,84.0,53.0,25.0,399.0,85.0,11.0,255.0,50.0,4.0
273,24.0,45.0,4.0,64.0,65.0,154.0,89.0,44.0,53.0,621.0,147.0,53.0,32.0,615.0,125.0,9.0,535.0,90.0,4.0
274,78.0,12.0,2.0,64.0,114.0,161.0,138.0,44.0,60.0,1031.0,217.0,53.0,58.0,1021.0,213.0,19.0,720.0,128.0,4.0
275,62.0,40.0,2.0,45.0,121.0,100.0,136.0,44.0,92.0,926.0,233.0,53.0,47.0,916.0,186.0,20.0,885.0,154.0,1.0
276,70.0,45.0,2.0,64.0,107.0,153.0,131.0,44.0,89.0,880.0,222.0,53.0,44.0,870.0,176.0,2.0,660.0,102.0,4.0
277,8.0,50.0,1.0,69.0,118.0,137.0,132.0,34.0,96.0,904.0,194.0,5.0,65.0,850.0,157.0,64.0,859.0,157.0,3.0
278,47.0,40.0,2.0,45.0,121.0,100.0,136.0,44.0,92.0,926.0,233.0,53.0,47.0,916.0,186.0,20.0,885.0,154.0,1.0
279,33.0,40.0,1.0,69.0,60.0,132.0,75.0,15.0,15.0,330.0,50.0,35.0,26.0,373.0,67.0,12.0,309.0,46.0,2.0
280,41.0,35.0,2.0,30.0,58.0,90.0,72.0,44.0,32.0,506.0,109.0,53.0,26.0,551.0,110.0,8.0,402.0,69.0,1.0
281,32.0,50.0,5.0,64.0,75.0,153.0,99.0,44.0,64.0,900.0,201.0,53.0,45.0,890.0,180.0,13.0,720.0,122.0,4.0
282,75.0,34.0,1.0,69.0,60.0,133.0,74.0,34.0,31.0,397.0,74.0,15.0,21.0,240.0,47.0,14.0,351.0,52.0,3.0
283,57.0,60.0,2.0,64.0,103.0,160.0,127.0,44.0,89.0,987.0,239.0,53.0,44.0,977.0,192.0,34.0,660.0,134.0,4.0
284,69.0,60.0,3.0,64.0,86.0,143.0,108.0,44.0,74.0,880.0,207.0,53.0,43.0,870.0,175.0,16.0,660.0,116.0,4.0
285,67.0,26.0,3.0,64.0,51.0,90.0,64.0,20.0,61.0,350.0,114.0,53.0,22.0,405.0,83.0,6.0,327.0,56.0,4.0
286,68.0,50.0,2.0,64.0,58.0,90.0,72.0,30.0,22.0,340.0,74.0,53.0,25.0,417.0,88.0,9.0,334.0,60.0,2.0
287,64.0,40.0,1.0,69.0,81.0,124.0,94.0,34.0,69.0,605.0,135.0,35.0,30.0,599.0,95.0,30.0,720.0,108.0,4.0
288,52.0,60.0,1.0,60.0,81.0,70.0,89.0,34.0,32.0,341.0,69.0,35.0,26.0,386.0,68.0,13.0,307.0,46.0,1.0
289,31.0,10.0,1.0,69.0,104.0,246.0,131.0,25.0,23.0,830.0,113.0,35.0,45.0,1068.0,161.0,41.0,978.0,147.0,2.0
290,5.0,8.0,2.0,35.0,95.0,155.0,119.0,44.0,45.0,930.0,186.0,53.0,43.0,920.0,183.0,23.0,860.0,153.0,1.0
291,73.0,20.0,1.0,69.0,60.0,66.0,67.0,34.0,34.0,352.0,72.0,10.0,37.0,250.0,64.0,13.0,307.0,46.0,3.0
292,29.0,40.0,2.0,64.0,103.0,164.0,128.0,10.0,41.0,730.0,152.0,53.0,43.0,925.0,183.0,19.0,898.0,155.0,4.0
293,21.0,40.0,1.0,69.0,81.0,124.0,94.0,34.0,69.0,605.0,135.0,35.0,30.0,599.0,95.0,30.0,720.0,108.0,4.0
294,37.0,45.0,2.0,64.0,107.0,153.0,131.0,44.0,89.0,880.0,222.0,53.0,44.0,870.0,176.0,2.0,660.0,102.0,4.0
295,59.0,6.0,1.0,69.0,59.0,100.0,70.0,2.0,11.0,285.0,42.0,35.0,13.0,417.0,58.0,13.0,284.0,44.0,2.0
296,18.0,60.0,1.0,69.0,59.0,106.0,71.0,34.0,31.0,372.0,71.0,35.0,25.0,417.0,70.0,13.0,300.0,46.0,4.0
297,75.0,70.0,2.0,25.0,65.0,140.0,86.0,44.0,69.0,596.0,160.0,53.0,30.0,590.0,120.0,16.0,577.0,104.0,1.0
298,38.0,12.0,2.0,64.0,116.0,164.0,141.0,75.0,89.0,685.0,193.0,53.0,47.0,875.0,180.0,19.0,874.0,152.0,2.0
299,63.0,30.0,2.0,64.0,59.0,118.0,77.0,44.0,32.0,349.0,85.0,53.0,26.0,359.0,80.0,6.0,265.0,46.0,4.0
300,1.0,45.0,2.0,64.0,60.0,144.0,82.0,44.0,32.0,404.0,93.0,53.0,26.0,449.0,94.0,8.0,600.0,99.0,4.0
301,39.0,42.0,1.0,69.0,59.0,114.0,71.0,34.0,31.0,389.0,73.0,15.0,21.0,243.0,47.0,13.0,334.0,49.0,4.0
302,56.0,26.0,1.0,69.0,59.0,121.0,72.0,34.0,31.0,386.0,73.0,35.0,25.0,431.0,72.0,14.0,270.0,43.0,4.0
303,44.0,26.0,1.0,69.0,60.0,127.0,73.0,20.0,19.0,325.0,55.0,35.0,25.0,435.0,72.0,14.0,350.0,52.0,4.0
304,2.0,70.0,1.0,30.0,84.0,180.0,103.0,34.0,72.0,707.0,149.0,35.0,33.0,701.0,109.0,26.0,626.0,94.0,1.0
305,60.0,50.0,1.0,69.0,118.0,137.0,132.0,34.0,96.0,904.0,194.0,5.0,65.0,850.0,157.0,64.0,859.0,157.0,4.0
306,78.0,18.0,2.0,15.0,85.0,65.0,92.0,34.0,15.0,361.0,55.0,35.0,12.0,406.0,56.0,9.0,296.0,41.0,1.0
307,42.0,50.0,5.0,64.0,75.0,153.0,99.0,44.0,64.0,900.0,201.0,53.0,45.0,890.0,180.0,13.0,720.0,122.0,4.0
308,6.0,30.0,1.0,75.0,99.0,135.0,114.0,34.0,96.0,678.0,169.0,35.0,57.0,672.0,130.0,29.0,629.0,97.0,1.0
309,65.0,12.0,1.0,69.0,107.0,158.0,125.0,30.0,61.0,780.0,146.0,35.0,45.0,901.0,143.0,54.0,853.0,147.0,2.0
310,68.0,45.0,2.0,64.0,107.0,153.0,131.0,44.0,89.0,880.0,222.0,53.0,44.0,870.0,176.0,2.0,660.0,102.0,4.0
311,41.0,60.0,2.0,90.0,64.0,155.0,88.0,44.0,74.0,678.0,177.0,53.0,35.0,672.0,137.0,20.0,629.0,115.0,1.0
312,44.0,18.0,2.0,64.0,64.0,215.0,97.0,50.0,41.0,420.0,104.0,53.0,15.0,385.0,73.0,9.0,321.0,58.0,4.0
313,38.0,35.0,2.0,64.0,62.0,108.0,79.0,44.0,34.0,370.0,90.0,53.0,28.0,415.0,91.0,6.0,250.0,44.0,4.0
314,45.0,20.0,1.0,69.0,59.0,101.0,70.0,5.0,17.0,300.0,50.0,35.0,25.0,420.0,70.0,13.0,297.0,45.0,2.0
315,6.0,45.0,1.0,69.0,107.0,144.0,123.0,34.0,89.0,879.0,184.0,30.0,35.0,775.0,119.0,37.0,868.0,131.0,3.0
316,32.0,15.0,1.0,69.0,104.0,200.0,126.0,75.0,23.0,835.0,114.0,35.0,43.0,846.0,135.0,40.0,927.0,141.0,2.0
317,74.0,30.0,1.0,75.0,99.0,135.0,114.0,34.0,96.0,678.0,169.0,35.0,57.0,672.0,130.0,29.0,629.0,97.0,1.0
318,72.0,8.0,2.0,64.0,81.0,129.0,101.0,44.0,35.0,677.0,138.0,15.0,31.0,565.0,117.0,12.0,588.0,101.0,3.0
319,74.0,6.0,1.0,69.0,59.0,100.0,70.0,2.0,11.0,285.0,42.0,35.0,13.0,417.0,58.0,13.0,284.0,44.0,2.0
320,15.0,40.0,1.0,69.0,115.0,125.0,129.0,34.0,98.0,892.0,195.0,35.0,53.0,882.0,149.0,23.0,720.0,101.0,4.0
321,7.0,35.0,1.0,69.0,61.0,73.0,69.0,34.0,33.0,350.0,71.0,50.0,26.0,227.0,51.0,14.0,314.0,48.0,3.0
322,60.0,26.0,1.0,69.0,61.0,74.0,69.0,15.0,38.0,255.0,66.0,35.0,26.0,389.0,68.0,13.0,315.0,47.0,4.0
323,51.0,6.0,1.0,69.0,61.0,73.0,69.0,20.0,21.0,305.0,54.0,35.0,15.0,395.0,58.0,13.0,314.0,47.0,2.0
324,16.0,70.0,2.0,5.0,64.0,80.0,76.0,44.0,30.0,348.0,83.0,53.0,24.0,393.0,84.0,7.0,291.0,51.0,1.0
325,62.0,45.0,2.0,64.0,103.0,170.0,129.0,44.0,88.0,889.0,222.0,30.0,35.0,770.0,152.0,18.0,905.0,155.0,3.0
326,41.0,12.0,2.0,64.0,109.0,190.0,138.0,40.0,24.0,399.0,85.0,53.0,46.0,951.0,190.0,27.0,897.0,163.0,2.0
327,17.0,10.0,2.0,64.0,124.0,160.0,148.0,30.0,82.0,850.0,211.0,53.0,54.0,893.0,189.0,19.0,886.0,153.0,2.0
328,15.0,70.0,2.0,15.0,87.0,110.0,104.0,44.0,31.0,348.0,84.0,53.0,25.0,393.0,85.0,7.0,320.0,56.0,1.0
329,70.0,70.0,2.0,25.0,65.0,140.0,86.0,44.0,69.0,596.0,160.0,53.0,30.0,590.0,120.0,16.0,577.0,104.0,1.0
330,46.0,4.0,3.0,64.0,50.0,67.0,60.0,30.0,31.0,265.0,71.0,53.0,14.0,393.0,73.0,6.0,308.0,53.0,2.0
331,7.0,40.0,1.0,64.0,58.0,94.0,72.0,44.0,31.0,360.0,85.0,53.0,25.0,405.0,86.0,15.0,285.0,58.0,4.0
332,14.0,15.0,4.0,64.0,48.0,154.0,71.0,55.0,25.0,360.0,80.0,53.0,14.0,462.0,84.0,4.0,351.0,57.0,2.0
333,40.0,20.0,1.0,69.0,108.0,163.0,125.0,34.0,89.0,905.0,187.0,30.0,43.0,785.0,128.0,35.0,879.0,130.0,3.0
334,34.0,34.0,1.0,69.0,60.0,133.0,74.0,34.0,31.0,397.0,74.0,15.0,21.0,240.0,47.0,14.0,351.0,52.0,3.0
335,44.0,60.0,1.0,20.0,76.0,95.0,86.0,34.0,33.0,344.0,70.0,35.0,27.0,389.0,69.0,13.0,315.0,47.0,4.0
336,46.0,60.0,1.0,69.0,58.0,73.0,66.0,34.0,31.0,324.0,66.0,35.0,25.0,334.0,61.0,18.0,240.0,44.0,4.0
337,34.0,70.0,4.0,64.0,65.0,145.0,87.0,44.0,54.0,674.0,156.0,53.0,33.0,668.0,135.0,8.0,560.0,93.0,4.0
338,54.0,29.0,1.0,30.0,94.0,195.0,115.0,34.0,89.0,943.0,191.0,35.0,44.0,933.0,145.0,58.0,912.0,157.0,1.0
339,30.0,12.0,1.0,69.0,110.0,249.0,137.0,45.0,22.0,890.0,119.0,35.0,47.0,955.0,151.0,38.0,990.0,146.0,2.0
340,17.0,20.0,2.0,64.0,59.0,118.0,77.0,44.0,17.0,349.0,70.0,53.0,14.0,359.0,68.0,5.0,240.0,41.0,4.0
341,16.0,45.0,1.0,69.0,59.0,100.0,70.0,34.0,31.0,372.0,71.0,35.0,25.0,417.0,70.0,13.0,210.0,36.0,4.0
342,25.0,8.0,2.0,64.0,103.0,146.0,125.0,25.0,36.0,875.0,169.0,53.0,43.0,943.0,186.0,19.0,887.0,154.0,2.0
343,75.0,50.0,1.0,50.0,120.0,110.0,132.0,34.0,70.0,596.0,135.0,35.0,31.0,590.0,95.0,33.0,577.0,96.0,1.0
344,20.0,42.0,1.0,69.0,59.0,114.0,71.0,34.0,31.0,389.0,73.0,15.0,21.0,243.0,47.0,13.0,334.0,49.0,3.0
345,75.0,15.0,4.0,64.0,48.0,154.0,71.0,55.0,25.0,360.0,80.0,53.0,14.0,462.0,84.0,4.0,351.0,57.0,2.0
346,69.0,45.0,2.0,64.0,103.0,170.0,129.0,44.0,88.0,889.0,222.0,30.0,35.0,770.0,152.0,18.0,905.0,155.0,3.0
347,17.0,26.0,2.0,60.0,90.0,100.0,105.0,44.0,69.0,596.0,160.0,53.0,30.0,590.0,120.0,13.0,577.0,101.0,1.0
348,56.0,30.0,2.0,64.0,58.0,68.0,68.0,44.0,31.0,354.0,84.0,53.0,25.0,399.0,85.0,11.0,255.0,50.0,4.0
349,22.0,6.0,4.0,64.0,45.0,73.0,56.0,15.0,22.0,290.0,66.0,53.0,13.0,395.0,73.0,5.0,314.0,53.0,2.0
350,40.0,20.0,2.0,64.0,59.0,118.0,77.0,44.0,17.0,349.0,70.0,53.0,14.0,359.0,68.0,5.0,240.0,41.0,4.0
351,53.0,30.0,1.0,69.0,117.0,147.0,133.0,40.0,59.0,790.0,145.0,35.0,48.0,885.0,144.0,38.0,883.0,134.0,4.0
352,10.0,6.0,1.0,69.0,67.0,86.0,76.0,20.0,21.0,300.0,54.0,35.0,19.0,399.0,63.0,17.0,327.0,53.0,4.0
353,20.0,20.0,1.0,69.0,59.0,101.0,70.0,5.0,17.0,300.0,50.0,35.0,25.0,420.0,70.0,13.0,297.0,45.0,2.0
354,33.0,30.0,2.0,60.0,108.0,80.0,120.0,44.0,32.0,344.0,84.0,53.0,26.0,389.0,85.0,7.0,315.0,55.0,1.0
355,51.0,35.0,2.0,64.0,58.0,74.0,69.0,30.0,21.0,295.0,66.0,53.0,24.0,389.0,83.0,7.0,315.0,55.0,2.0
356,24.0,12.0,1.0,69.0,58.0,124.0,71.0,10.0,30.0,340.0,67.0,35.0,25.0,427.0,71.0,14.0,364.0,54.0,2.0
357,43.0,10.0,1.0,69.0,104.0,246.0,131.0,25.0,23.0,830.0,113.0,35.0,45.0,1068.0,161.0,41.0,978.0,147.0,2.0
358,12.0,40.0,3.0,64.0,71.0,145.0,93.0,44.0,59.0,658.0,159.0,53.0,32.0,652.0,131.0,10.0,590.0,100.0,4.0
359,68.0,12.0,1.0,69.0,107.0,158.0,125.0,30.0,61.0,780.0,146.0,35.0,45.0,901.0,143.0,54.0,853.0,147.0,2.0
360,52.0,6.0,1.0,69.0,105.0,196.0,126.0,40.0,43.0,895.0,140.0,35.0,44.0,919.0,144.0,50.0,935.0,152.0,2.0
361,39.0,26.0,1.0,69.0,81.0,139.0,96.0,34.0,71.0,698.0,147.0,35.0,32.0,692.0,107.0,33.0,600.0,98.0,4.0
362,39.0,70.0,1.0,20.0,106.0,190.0,127.0,34.0,72.0,659.0,143.0,35.0,33.0,653.0,104.0,44.0,592.0,108.0,4.0
363,49.0,6.0,1.0,69.0,67.0,86.0,76.0,20.0,21.0,300.0,54.0,35.0,19.0,399.0,63.0,17.0,327.0,53.0,4.0
364,13.0,60.0,2.0,64.0,60.0,144.0,82.0,44.0,32.0,404.0,93.0,53.0,26.0,449.0,94.0,8.0,270.0,49.0,4.0
365,67.0,20.0,1.0,69.0,81.0,124.0,94.0,34.0,35.0,605.0,100.0,35.0,31.0,599.0,96.0,27.0,510.0,82.0,4.0
366,9.0,36.0,2.0,64.0,115.0,138.0,136.0,10.0,44.0,830.0,170.0,53.0,50.0,869.0,182.0,18.0,862.0,149.0,2.0
367,36.0,6.0,1.0,64.0,120.0,333.0,170.0,25.0,28.0,870.0,160.0,53.0,52.0,890.0,187.0,38.0,921.0,178.0,2.0
368,80.0,35.0,1.0,69.0,60.0,117.0,73.0,10.0,23.0,325.0,58.0,35.0,25.0,425.0,71.0,17.0,307.0,50.0,2.0
369,37.0,6.0,1.0,69.0,103.0,166.0,121.0,45.0,20.0,820.0,109.0,35.0,43.0,836.0,134.0,35.0,886.0,131.0,2.0
370,4.0,40.0,4.0,64.0,78.0,175.0,105.0,44.0,67.0,932.0,208.0,53.0,44.0,922.0,183.0,12.0,720.0,121.0,4.0
371,20.0,50.0,1.0,69.0,118.0,137.0,132.0,34.0,96.0,904.0,194.0,5.0,65.0,850.0,157.0,64.0,859.0,157.0,3.0
372,3.0,45.0,4.0,5.0,60.0,85.0,73.0,44.0,24.0,379.0,81.0,53.0,19.0,424.0,83.0,3.0,337.0,54.0,1.0
373,13.0,72.0,2.0,64.0,58.0,93.0,72.0,10.0,28.0,305.0,75.0,53.0,25.0,346.0,78.0,9.0,316.0,57.0,2.0
374,4.0,15.0,1.0,69.0,104.0,200.0,126.0,75.0,23.0,835.0,114.0,35.0,43.0,846.0,135.0,40.0,927.0,141.0,2.0
375,6.0,35.0,1.0,69.0,108.0,177.0,127.0,34.0,92.0,907.0,191.0,45.0,39.0,850.0,131.0,52.0,865.0,146.0,4.0
376,18.0,8.0,2.0,64.0,81.0,129.0,101.0,44.0,35.0,677.0,138.0,15.0,31.0,565.0,117.0,12.0,588.0,101.0,3.0
377,26.0,60.0,1.0,55.0,69.0,115.0,81.0,34.0,43.0,392.0,85.0,35.0,37.0,437.0,84.0,13.0,268.0,42.0,1.0
378,61.0,8.0,2.0,64.0,81.0,129.0,101.0,44.0,35.0,677.0,138.0,15.0,31.0,565.0,117.0,12.0,588.0,101.0,3.0
379,78.0,45.0,1.0,69.0,107.0,144.0,123.0,34.0,89.0,879.0,184.0,30.0,35.0,775.0,119.0,37.0,868.0,131.0,3.0
380,33.0,45.0,1.0,80.0,75.0,110.0,87.0,34.0,70.0,638.0,140.0,35.0,31.0,632.0,100.0,39.0,581.0,102.0,1.0
381,31.0,35.0,3.0,64.0,88.0,119.0,106.0,50.0,78.0,775.0,196.0,53.0,43.0,840.0,170.0,16.0,855.0,146.0,2.0
382,6.0,10.0,2.0,64.0,124.0,160.0,148.0,30.0,82.0,850.0,211.0,53.0,54.0,893.0,189.0,19.0,886.0,153.0,2.0
383,6.0,50.0,2.0,90.0,71.0,115.0,89.0,44.0,31.0,385.0,89.0,53.0,25.0,430.0,90.0,7.0,332.0,57.0,1.0
384,62.0,60.0,1.0,69.0,127.0,193.0,148.0,34.0,109.0,888.0,205.0,60.0,52.0,1025.0,163.0,50.0,892.0,147.0,3.0
385,55.0,70.0,1.0,40.0,152.0,95.0,162.0,34.0,73.0,600.0,138.0,35.0,34.0,594.0,98.0,24.0,587.0,88.0,4.0
386,29.0,45.0,1.0,69.0,64.0,90.0,73.0,15.0,32.0,325.0,67.0,35.0,29.0,405.0,73.0,18.0,327.0,54.0,4.0
387,35.0,35.0,2.0,64.0,109.0,230.0,144.0,44.0,101.0,1104.0,269.0,53.0,56.0,1094.0,222.0,26.0,960.0,172.0,4.0
388,35.0,4.0,1.0,69.0,107.0,152.0,124.0,30.0,33.0,755.0,115.0,35.0,44.0,882.0,140.0,48.0,845.0,140.0,2.0
389,25.0,12.0,2.0,64.0,109.0,190.0,138.0,40.0,24.0,399.0,85.0,53.0,46.0,951.0,190.0,27.0,897.0,163.0,2.0
390,44.0,30.0,2.0,64.0,59.0,118.0,77.0,44.0,32.0,349.0,85.0,53.0,26.0,359.0,80.0,6.0,265.0,46.0,4.0
391,34.0,26.0,1.0,75.0,125.0,110.0,137.0,34.0,70.0,596.0,135.0,35.0,31.0,590.0,95.0,24.0,577.0,87.0,1.0
392,77.0,60.0,1.0,60.0,81.0,70.0,89.0,34.0,32.0,341.0,69.0,35.0,26.0,386.0,68.0,13.0,307.0,46.0,1.0
393,79.0,10.0,2.0,64.0,58.0,124.0,77.0,10.0,35.0,380.0,92.0,53.0,13.0,427.0,78.0,8.0,364.0,63.0,2.0
